{
  "chinese": "chinese",
  "chines": "chinese",
  "mexican": "mexican",
  "mexica": "mexican",
  "america": "american",
  "american": "american",
  "veggie": "vegetarian",
  "vegg": "vegetarian",
  "bengaluru": "Bangalore",
  "banglore": "Bangalore",
  "bombay": "Mumbai",
  "trivandrum": "Thiruvananthapuram",
  "secunderabad": "Hyderabad",
  "cochin": "Kochi",
  "kochin": "Kochi",
  "calcutta": "Kolkata",
  "calicut": "Kozhikode",
  "cannanore": "Kannur",
  "trichinapoly": "Tiruchirappalli",
  "baroda": "Vadodara",
  "madras": "Chennai",
  "puducherry": "Pondicherry",
  "cawnpore": "Kanpur",
  "belagavi": "Belgaum",
  "indhur": "Indore",
  "poona": "Pune",
  "benares": "Varanasi",
  "jubbulpore": "Jabalpur",
  "gauhati": "Guwahati",
  "mysuru": "Mysore",
  "mangaluru": "Mangalore",
  "no": "no",
  "yes": "yes",
  "yep": "yes",
  "yea": "yes",
  "italian": "Italian",
  "delhi": "delhi",
  "edabad": "Ahmedabad",
  "": "Ahmedabad",
  "bangalore": "Bangalore",
  " bangalor": "Bangalore",
  "chennai": "Chennai",
  "amritsar.": "Amritsar",
  "kannur.": "Kannur",
  "moderate": "Rs. 300 to 700",
  "il.com": "rasachatbot123@gmail.com"
}