{"py/object": "rasa_core.featurizers.MaxHistoryTrackerFeaturizer", "max_history": 5, "remove_duplicates": true, "state_featurizer": {"py/object": "rasa_core.featurizers.BinarySingleStateFeaturizer", "input_state_map": {"entity_average_cost_for_two": 12, "entity_cuisine": 11, "entity_emailid": 14, "entity_emailyesorno": 13, "entity_location": 10, "intent_affirm": 1, "intent_deny": 2, "intent_get_and_send_email": 7, "intent_goodbye": 3, "intent_greet": 0, "intent_restaurant_search": 5, "intent_send_email_with_only_no": 9, "intent_send_email_with_only_yes": 8, "intent_send_email_yes_or_no": 6, "intent_thankyou": 4, "prev_action_default_fallback": 22, "prev_action_get_and_send_email": 34, "prev_action_listen": 20, "prev_action_restart": 21, "prev_action_restaurant": 30, "prev_send_email_with_only_no": 33, "prev_send_email_with_only_yes": 32, "prev_send_email_yes_or_no": 31, "prev_utter_ask_budget": 29, "prev_utter_ask_cuisine": 28, "prev_utter_ask_email": 37, "prev_utter_ask_howcanhelp": 26, "prev_utter_ask_location": 27, "prev_utter_default": 25, "prev_utter_goodbye": 24, "prev_utter_greet": 23, "prev_utter_to_email_yes_or_no": 36, "prev_validate_location": 35, "slot_average_cost_for_two_0": 15, "slot_cuisine_0": 16, "slot_emailid_0": 17, "slot_emailyesorno_0": 18, "slot_location_0": 19}, "num_features": 38, "slot_feature_len": 5, "user_feature_len": 15}, "use_intent_probabilities": false}