{
  "action_fingerprints": {
    "action_listen": {
      "slots": [
        "location",
        "emailid",
        "cuisine",
        "average_cost_for_two",
        "emailyesorno"
      ]
    },
    "utter_goodbye": {
      "slots": []
    }
  },
  "rasa_core": "0.10.1",
  "max_histories": [
    4,
    5
  ],
  "ensemble_name": "rasa_core.policies.ensemble.SimplePolicyEnsemble",
  "policy_names": [
    "rasa_core.policies.memoization.MemoizationPolicy",
    "rasa_core.policies.keras_policy.KerasPolicy"
  ]
}